date,open,high,low,close
2024-03-25,13.670000,13.670000,13.110000,13.190000
2024-03-26,13.120000,13.430000,12.840000,13.240000
2024-03-27,13.130000,13.340000,12.660000,12.780000
2024-03-28,12.930000,13.100000,12.840000,13.010000
2024-04-01,13.610000,14.150000,13.550000,13.650000
2024-04-02,13.740000,15.430000,13.680000,14.610000
2024-04-03,15.000000,15.180000,14.250000,14.330000
2024-04-04,14.290000,16.920000,13.740000,16.350000
2024-04-05,16.450000,16.750000,15.530000,16.030000
2024-04-08,16.240000,16.500000,15.110000,15.190000
2024-04-09,15.340000,16.630000,14.940000,14.980000
2024-04-10,15.240000,16.620000,14.590000,15.800000
2024-04-11,16.020000,17.610000,14.910000,14.910000
2024-04-12,14.910000,19.200000,14.910000,17.310000
2024-04-15,16.940000,19.460000,16.260000,19.230000
2024-04-16,19.490000,19.560000,17.640000,18.400000
2024-04-17,18.240000,19.110000,17.540000,18.210000
2024-04-18,17.910000,18.370000,17.210000,18.000000
2024-04-19,21.330000,21.360000,18.170000,18.710000
2024-04-22,18.590000,18.720000,16.690000,16.940000
2024-04-23,16.720000,16.760000,15.690000,15.690000
2024-04-24,15.760000,16.380000,15.580000,15.970000
2024-04-25,16.250000,17.550000,15.270000,15.370000
2024-04-26,15.490000,16.060000,14.920000,15.030000
2024-04-29,15.370000,15.420000,14.630000,14.670000
2024-04-30,14.820000,15.900000,14.670000,15.650000
2024-05-01,15.750000,16.220000,14.350000,15.390000
2024-05-02,15.140000,16.090000,14.600000,14.680000
2024-05-03,14.510000,14.580000,13.480000,13.490000
2024-05-06,13.980000,14.020000,13.440000,13.490000
2024-05-07,13.520000,13.640000,13.160000,13.230000
2024-05-08,13.240000,13.510000,12.940000,13.000000
2024-05-09,13.080000,13.290000,12.680000,12.690000
2024-05-10,12.770000,12.960000,12.500000,12.550000
2024-05-13,13.260000,13.660000,13.250000,13.600000
2024-05-14,13.710000,14.030000,13.270000,13.420000
2024-05-15,13.730000,13.940000,12.380000,12.450000
2024-05-16,12.520000,12.670000,12.330000,12.420000
2024-05-17,12.280000,12.480000,11.910000,11.990000
2024-05-20,12.270000,12.590000,12.070000,12.150000
2024-05-21,12.300000,12.560000,11.840000,11.860000
2024-05-22,12.050000,12.810000,11.780000,12.290000
2024-05-23,11.530000,13.370000,11.520000,12.770000
2024-05-24,12.860000,12.890000,11.890000,11.930000
2024-05-27,12.410000,12.490000,12.350000,12.360000
2024-05-28,12.510000,13.440000,12.360000,12.920000
2024-05-29,13.750000,14.320000,13.690000,14.280000
2024-05-30,14.820000,14.880000,13.670000,14.470000
2024-05-31,14.500000,14.870000,12.840000,12.920000
2024-06-03,13.080000,14.310000,13.000000,13.110000
2024-06-04,13.510000,14.080000,13.110000,13.160000
2024-06-05,13.140000,13.250000,12.600000,12.630000
2024-06-06,12.750000,12.980000,12.540000,12.580000
2024-06-07,12.690000,13.080000,12.110000,12.220000
2024-06-10,13.090000,13.280000,12.620000,12.740000
2024-06-11,12.850000,13.470000,12.780000,12.850000
2024-06-12,13.100000,13.150000,11.940000,12.040000
2024-06-13,12.050000,12.680000,11.880000,11.940000
2024-06-14,12.220000,13.450000,12.120000,12.660000
2024-06-17,13.070000,13.290000,12.500000,12.750000
2024-06-18,12.700000,12.740000,12.240000,12.300000
2024-06-19,12.320000,12.550000,12.320000,12.480000
2024-06-20,12.500000,13.550000,12.180000,13.280000
2024-06-21,13.220000,13.780000,12.990000,13.200000
2024-06-24,13.850000,13.880000,13.150000,13.330000
2024-06-25,13.480000,13.520000,12.840000,12.840000
2024-06-26,12.810000,13.240000,12.370000,12.550000
2024-06-27,12.690000,12.770000,12.210000,12.240000
2024-06-28,12.240000,12.760000,11.870000,12.440000
2024-07-01,12.980000,13.260000,12.100000,12.220000
2024-07-02,12.670000,12.880000,11.850000,12.030000
2024-07-03,12.130000,12.230000,11.950000,12.090000
2024-07-04,12.100000,12.350000,12.090000,12.260000
2024-07-05,12.370000,12.610000,11.840000,12.480000
2024-07-08,12.910000,12.910000,12.310000,12.370000
2024-07-09,12.480000,12.610000,12.350000,12.510000
2024-07-10,12.510000,12.920000,12.390000,12.850000
2024-07-11,12.880000,13.330000,12.230000,12.920000
2024-07-12,12.870000,12.890000,12.110000,12.460000
2024-07-15,12.780000,13.260000,12.750000,13.120000
2024-07-16,13.380000,13.470000,12.950000,13.190000
2024-07-17,13.600000,14.880000,13.540000,14.480000
2024-07-18,14.270000,16.430000,14.080000,15.930000
2024-07-19,16.440000,17.190000,10.620000,16.520000
2024-07-22,16.790000,16.890000,14.750000,14.910000
2024-07-23,15.210000,15.350000,13.900000,14.720000
2024-07-24,15.350000,18.460000,15.180000,18.040000
2024-07-25,18.410000,19.360000,16.420000,18.460000
2024-07-26,17.970000,18.050000,16.370000,16.390000
2024-07-29,16.590000,17.210000,16.230000,16.600000
2024-07-30,16.640000,18.320000,16.260000,17.690000
2024-07-31,16.660000,16.770000,15.710000,16.360000
2024-08-01,16.200000,19.480000,15.950000,18.590000
2024-08-02,20.520000,29.660000,20.010000,23.390000
2024-08-05,23.390000,65.730000,23.390000,38.570000
2024-08-06,33.710000,34.770000,24.020000,27.710000
2024-08-07,24.770000,29.760000,21.970000,27.850000
2024-08-08,28.340000,29.470000,23.360000,23.790000
2024-08-09,23.780000,24.520000,20.260000,20.370000
2024-08-12,20.790000,21.190000,18.890000,20.710000
2024-08-13,20.060000,20.790000,17.950000,18.120000
2024-08-14,18.410000,18.490000,16.120000,16.190000
2024-08-15,16.270000,16.680000,14.770000,15.230000
2024-08-16,15.290000,15.760000,14.650000,14.800000
2024-08-19,15.940000,16.070000,14.460000,14.650000
2024-08-20,14.890000,15.930000,14.780000,15.880000
2024-08-21,16.250000,17.170000,15.920000,16.270000
2024-08-22,16.270000,18.060000,15.760000,17.550000
2024-08-23,17.120000,17.210000,15.610000,15.860000
2024-08-26,16.270000,16.670000,15.810000,16.150000
2024-08-27,16.210000,16.810000,15.370000,15.430000
2024-08-28,15.510000,17.890000,15.460000,17.110000
2024-08-29,16.540000,16.570000,15.190000,15.650000
2024-08-30,15.670000,16.040000,14.780000,15.000000
2024-09-02,15.870000,15.990000,15.480000,15.550000
2024-09-03,15.760000,21.990000,15.710000,20.720000
2024-09-04,23.200000,23.310000,19.340000,21.320000
2024-09-05,20.750000,21.530000,19.210000,19.900000
2024-09-06,21.980000,23.760000,18.830000,22.380000
2024-09-09,21.320000,21.410000,19.290000,19.450000
2024-09-10,19.860000,20.740000,18.900000,19.080000
2024-09-11,19.410000,21.410000,17.550000,17.690000
2024-09-12,17.620000,18.590000,16.890000,17.070000
2024-09-13,17.030000,17.180000,16.230000,16.560000
2024-09-16,17.160000,17.690000,16.910000,17.140000
2024-09-17,17.160000,18.080000,16.670000,17.610000
2024-09-18,17.580000,19.390000,17.110000,18.230000
2024-09-19,17.210000,17.270000,16.210000,16.330000
2024-09-20,16.350000,16.680000,15.810000,16.150000
2024-09-23,16.710000,16.950000,15.750000,15.890000
2024-09-24,15.870000,16.670000,15.270000,15.390000
2024-09-25,15.820000,15.820000,15.170000,15.410000
2024-09-26,15.060000,15.830000,14.900000,15.370000
2024-09-27,15.640000,16.970000,15.200000,16.960000
2024-09-30,17.010000,17.790000,16.470000,16.730000
2024-10-01,16.960000,20.730000,16.610000,19.260000
2024-10-02,19.650000,20.360000,18.580000,18.900000
2024-10-03,19.630000,20.750000,19.160000,20.490000
2024-10-04,20.480000,20.480000,18.480000,19.210000
2024-10-07,20.760000,23.030000,20.650000,22.640000
2024-10-08,22.920000,23.140000,21.140000,21.420000
2024-10-09,21.980000,22.010000,20.710000,20.860000
2024-10-10,20.910000,21.390000,20.640000,20.930000
2024-10-11,20.870000,21.160000,20.140000,20.460000
2024-10-14,20.860000,20.860000,19.690000,19.700000
2024-10-15,19.610000,20.890000,19.440000,20.640000
2024-10-16,20.770000,21.010000,19.450000,19.580000
2024-10-17,19.550000,19.650000,18.880000,19.110000
2024-10-18,19.300000,19.320000,17.990000,18.030000
2024-10-21,18.780000,19.340000,18.360000,18.370000
2024-10-22,18.790000,19.440000,18.050000,18.200000
2024-10-23,18.210000,20.470000,18.180000,19.240000
2024-10-24,18.870000,20.240000,18.630000,19.080000
2024-10-25,19.220000,20.510000,18.230000,20.330000
2024-10-28,19.110000,19.880000,18.910000,19.800000
2024-10-29,19.750000,20.530000,19.060000,19.340000
2024-10-30,19.330000,20.440000,19.300000,20.350000
2024-10-31,21.440000,23.420000,21.120000,23.160000
2024-11-01,22.960000,23.090000,21.160000,21.880000
2024-11-04,22.500000,23.070000,21.730000,21.980000
2024-11-05,21.980000,22.060000,20.200000,20.490000
2024-11-06,16.060000,16.820000,15.440000,16.270000
2024-11-07,15.860000,15.860000,15.130000,15.200000
2024-11-08,15.130000,15.330000,14.660000,14.940000
2024-11-11,15.330000,15.560000,14.890000,14.970000
2024-11-12,15.090000,15.370000,14.690000,14.710000
2024-11-13,15.090000,15.260000,13.770000,14.020000
2024-11-14,14.170000,14.320000,13.590000,14.310000
2024-11-15,15.020000,17.550000,14.560000,16.140000
2024-11-18,16.600000,17.000000,15.350000,15.580000
2024-11-19,15.440000,17.930000,15.370000,16.350000
2024-11-20,16.190000,18.790000,16.040000,17.160000
2024-11-21,17.100000,17.990000,15.730000,16.870000
2024-11-22,16.670000,17.560000,15.240000,15.240000
2024-11-25,15.230000,15.720000,14.540000,14.600000
2024-11-26,14.950000,15.030000,13.880000,14.100000
2024-11-27,14.280000,15.130000,13.960000,14.100000
2024-11-28,14.070000,14.070000,13.870000,13.900000
2024-11-29,14.000000,14.150000,13.490000,13.510000
2024-12-02,14.080000,14.100000,13.300000,13.340000
2024-12-03,13.380000,13.770000,13.190000,13.300000
2024-12-04,13.160000,13.610000,12.890000,13.450000
2024-12-05,13.460000,13.700000,13.260000,13.540000
2024-12-06,13.620000,13.740000,12.700000,12.770000
2024-12-09,13.360000,14.230000,13.350000,14.190000
2024-12-10,14.300000,14.540000,13.860000,14.180000
2024-12-11,14.420000,14.430000,13.520000,13.580000
2024-12-12,13.730000,13.950000,13.390000,13.920000
2024-12-13,13.570000,14.250000,13.240000,13.810000
2024-12-16,14.370000,14.690000,13.990000,14.690000
2024-12-17,14.980000,15.940000,14.780000,15.870000
2024-12-18,15.570000,28.320000,14.820000,27.620000
2024-12-19,21.610000,24.120000,20.160000,24.090000
2024-12-20,24.140000,26.510000,17.820000,18.360000
2024-12-23,18.090000,20.020000,16.740000,16.780000
2024-12-24,16.970000,17.040000,14.270000,14.270000
2024-12-26,14.990000,15.930000,14.550000,14.730000
2024-12-27,15.380000,18.450000,15.290000,15.950000
2024-12-30,17.210000,19.220000,16.440000,17.400000
2024-12-31,17.390000,17.810000,16.680000,17.350000
2025-01-02,17.210000,19.500000,16.960000,17.930000
2025-01-03,17.660000,17.940000,16.110000,16.130000
2025-01-06,16.770000,16.870000,15.710000,16.040000
2025-01-07,16.480000,18.900000,15.790000,17.820000
2025-01-08,17.910000,19.500000,17.370000,17.700000
2025-01-09,18.510000,18.520000,17.950000,18.070000
2025-01-10,18.290000,20.310000,18.050000,19.540000
2025-01-13,21.180000,22.040000,19.150000,19.190000
2025-01-14,18.790000,19.660000,18.240000,18.710000
2025-01-15,19.080000,19.140000,15.960000,16.120000
2025-01-16,15.870000,16.600000,15.640000,16.600000
2025-01-17,16.190000,16.230000,15.530000,15.970000
2025-01-20,16.460000,16.590000,15.800000,15.810000
2025-01-21,16.290000,16.290000,14.930000,15.060000
2025-01-22,14.890000,15.290000,14.590000,15.100000
2025-01-23,15.280000,15.390000,14.590000,15.020000
2025-01-24,15.020000,15.160000,14.580000,14.850000
2025-01-27,18.830000,22.510000,17.570000,17.900000
2025-01-28,18.290000,18.390000,16.250000,16.410000
2025-01-29,16.420000,18.080000,16.170000,16.560000
2025-01-30,15.930000,16.420000,15.320000,15.840000
2025-01-31,15.450000,17.090000,14.900000,16.430000
2025-02-03,20.360000,20.420000,17.660000,18.620000
2025-02-04,18.780000,19.110000,16.780000,17.210000
2025-02-05,17.540000,17.750000,15.770000,15.770000
2025-02-06,15.880000,16.150000,14.990000,15.500000
2025-02-07,15.380000,16.660000,14.790000,16.540000
2025-02-10,16.580000,16.610000,15.700000,15.810000
2025-02-11,16.130000,16.420000,15.750000,16.020000
2025-02-12,15.910000,17.180000,15.640000,15.890000
2025-02-13,15.970000,16.330000,14.980000,15.100000
2025-02-14,15.080000,15.420000,14.740000,14.770000
2025-02-17,15.380000,15.570000,15.340000,15.370000
2025-02-18,15.570000,16.030000,15.350000,15.350000
2025-02-19,15.140000,15.960000,15.050000,15.270000
2025-02-20,15.610000,16.630000,15.120000,15.660000
2025-02-21,15.630000,19.030000,15.280000,18.210000
2025-02-24,18.080000,20.240000,17.310000,18.980000
2025-02-25,19.090000,21.480000,18.850000,19.430000
2025-02-26,18.960000,20.060000,17.830000,19.100000
2025-02-27,18.250000,21.470000,17.670000,21.130000
2025-02-28,21.210000,22.400000,19.050000,19.630000
2025-03-03,19.830000,24.310000,19.250000,22.780000
2025-03-04,22.960000,26.350000,21.710000,23.510000
2025-03-05,23.030000,24.840000,21.370000,21.930000
2025-03-06,22.600000,25.920000,22.390000,24.870000
2025-03-07,24.850000,26.560000,23.090000,23.370000
2025-03-10,24.700000,29.560000,24.680000,27.860000
2025-03-11,27.940000,29.570000,26.180000,26.920000
2025-03-12,26.880000,26.910000,23.890000,24.230000
2025-03-13,24.920000,26.130000,23.460000,24.660000
2025-03-14,24.350000,24.360000,21.480000,21.770000
2025-03-17,22.890000,22.950000,20.320000,20.510000
2025-03-18,20.830000,22.570000,20.410000,21.700000
2025-03-19,21.840000,22.100000,19.420000,19.900000
2025-03-20,19.520000,21.170000,19.300000,19.800000
2025-03-21,20.020000,21.140000,19.150000,19.280000
2025-03-24,19.130000,19.140000,17.460000,17.480000
2025-03-25,17.580000,17.770000,17.020000,17.150000
2025-03-26,17.230000,19.070000,16.970000,18.330000
2025-03-27,18.360000,19.280000,17.950000,18.690000
2025-03-28,19.080000,22.180000,18.920000,21.650000
2025-03-31,24.110000,24.800000,21.670000,22.280000
2025-04-01,22.060000,23.520000,21.580000,21.770000
2025-04-02,22.300000,23.660000,20.680000,21.510000
2025-04-03,26.380000,30.020000,24.930000,30.020000
2025-04-04,30.120000,45.610000,29.990000,45.310000
2025-04-07,60.130000,60.130000,38.580000,46.980000
2025-04-08,44.040000,57.520000,36.480000,52.330000
2025-04-09,50.980000,57.960000,31.900000,33.620000
2025-04-10,34.440000,54.870000,34.440000,40.720000
2025-04-11,40.800000,46.120000,36.850000,37.560000
2025-04-14,34.760000,35.170000,29.750000,30.890000
2025-04-15,30.010000,31.450000,28.290000,30.120000
2025-04-16,33.240000,34.960000,29.480000,32.640000
2025-04-17,30.790000,32.550000,29.570000,29.650000
2025-04-21,32.750000,35.750000,31.790000,33.820000
2025-04-22,32.610000,32.680000,30.080000,30.570000
2025-04-23,28.750000,30.290000,27.110000,28.450000
2025-04-24,28.690000,29.660000,26.360000,26.470000
2025-04-25,26.220000,27.200000,24.840000,24.840000
2025-04-28,25.750000,26.930000,24.700000,25.150000
2025-04-29,24.760000,25.990000,23.760000,24.170000
2025-04-30,24.350000,28.170000,24.230000,24.700000
2025-05-01,23.940000,25.180000,23.300000,24.600000
2025-05-02,23.630000,24.320000,22.340000,22.680000
2025-05-05,24.250000,24.630000,22.810000,23.640000
2025-05-06,23.970000,25.110000,23.900000,24.760000
2025-05-07,24.560000,25.620000,23.290000,23.550000
2025-05-08,22.840000,23.610000,21.880000,22.480000
2025-05-09,22.400000,22.820000,21.830000,21.900000
2025-05-12,19.840000,20.440000,18.140000,18.390000
2025-05-13,18.690000,18.850000,17.650000,18.220000
2025-05-14,18.100000,18.820000,18.060000,18.620000
2025-05-15,19.190000,19.380000,17.770000,17.830000
2025-05-16,17.960000,17.960000,17.150000,17.240000
2025-05-19,19.840000,19.920000,17.920000,18.140000
2025-05-20,18.460000,18.680000,17.700000,18.090000
2025-05-21,18.770000,21.050000,17.770000,20.870000
2025-05-22,20.620000,22.070000,19.640000,20.280000
